id,name,read,pattern,sequence,feature_type
CD3,CD3,R2,5P(BC),ATCACG,Custom
CD19,CD19,R2,5P(BC),CGATGT,Custom
CD4,CD4,R2,5P(BC),TGACCA,Custom
CD8,CD8,R2,5P(BC),GCCAAT,Custom
CD16,CD16,R2,5P(BC),TTAGGC,Custom
CD14,CD14,R2,5P(BC),AGTCAA,Custom
CD123,CD123,R2,5P(BC),GTGGCC,Custom
HLA-DR,HLA-DR,R2,5P(BC),GTTTCG,Custom
CD66b,CD66b,R2,5P(BC),CAGATC,Custom
CD56,CD56,R2,5P(BC),CTTGTA,Custom
CD24,CD24,R2,5P(BC),ATGTCA,Custom
CD62L,CD62L,R2,5P(BC),ATGAGC,Custom
CD11b,CD11b,R2,5P(BC),ATTCCT,Custom
CD1c,CD1c,R2,5P(BC),CAACTA,Custom
CD141,CD141,R2,5P(BC),CACCGG,Custom
CD33,CD33,R2,5P(BC),ACTTGA,Custom
CD11c,CD11c,R2,5P(BC),TAGCTT,Custom
CD64,CD64,R2,5P(BC),GAGTGG,Custom
CD38,CD38,R2,5P(BC),GTAGAG,Custom
CD27,CD27,R2,5P(BC),GGTAGC,Custom
CD103,CD103,R2,5P(BC),GACCTCATTGTGAAT,Custom
CD45,CD45,R2,5P(BC),TCCCTTGCGATTTAC,Custom
CD117,CD117,R2,5P(BC),AGACTAATAGCTGAC,Custom
CD138,CD138,R2,5P(BC),ACTCTTTCGTTTACG,Custom
ICOS,ICOS,R2,5P(BC),CGCGCACCCATTAAA,Custom
CD206,CD206,R2,5P(BC),TCAGAACGTCTAACT,Custom
CD69,CD69,R2,5P(BC),GTCTCTTGGCTTAAA,Custom
HTO_1,HTO_1,R2,5P(BC),AGGACCATCCAA,Custom
HTO_2,HTO_2,R2,5P(BC),ACATGTTACCGT,Custom
